,Exponential,FicticiousPlay,Random,SwerveAgent,ContinueAgent,BadMove,BadType,BadConnection,MathBreaker,Mean Points
ContinueAgent,1756.0,2002.0,-3890.0,2002.0,0.0,0.0,0.0,0.0,0.0,311.6666666666667
FicticiousPlay,125.0,0.0,-1024.0,2000.0,-2002.0,0.0,0.0,0.0,0.0,-150.16666666666666
Exponential,0.0,-355.0,-1452.0,1451.0,-2166.0,0.0,0.0,0.0,0.0,-420.3333333333333
Random,42.0,1024.0,0.0,1009.0,-5930.0,0.0,0.0,0.0,0.0,-642.5
SwerveAgent,-1451.0,-2000.0,-1009.0,0.0,-2002.0,0.0,0.0,0.0,0.0,-1077.0
BadMove,-10010.0,-10010.0,-10010.0,-10010.0,-10010.0,0.0,0.0,0.0,0.0,-8341.666666666666
BadType,-10010.0,-10010.0,-10010.0,-10010.0,-10010.0,0.0,0.0,0.0,0.0,-8341.666666666666
BadConnection,0.0,0.0,0.0,0.0,0.0,0.0,0.0,0.0,0.0,Disconnected
MathBreaker,0.0,0.0,0.0,0.0,0.0,0.0,0.0,0.0,0.0,Disconnected
