,Exponential,FicticiousPlay,Random,SwerveAgent,ContinueAgent,BadMove,BadType,BadConnection,MathBreaker,Mean Points
ContinueAgent,-2.0,2002.0,-4088.0,2002.0,0.0,0.0,0.0,0.0,0.0,-14.333333333333334
FicticiousPlay,-1001.0,0.0,-982.0,2000.0,-2002.0,0.0,0.0,0.0,0.0,-330.8333333333333
Exponential,0.0,-659.0,-1588.0,1998.0,-3338.0,0.0,0.0,0.0,0.0,-597.8333333333334
Random,-342.0,972.0,0.0,980.0,-6062.0,0.0,0.0,0.0,0.0,-742.0
SwerveAgent,-1998.0,-2000.0,-980.0,0.0,-2002.0,0.0,0.0,0.0,0.0,-1163.3333333333333
BadMove,-10010.0,-10010.0,-10010.0,-10010.0,-10010.0,0.0,0.0,0.0,0.0,-8341.666666666666
BadType,-10010.0,-10010.0,-10010.0,-10010.0,-10010.0,0.0,0.0,0.0,0.0,-8341.666666666666
BadConnection,0.0,0.0,0.0,0.0,0.0,0.0,0.0,0.0,0.0,Disconnected
MathBreaker,0.0,0.0,0.0,0.0,0.0,0.0,0.0,0.0,0.0,Disconnected
