,Exponential,FicticiousPlay,Random,SwerveAgent,ContinueAgent,BadMove,BadType,BadConnection,MathBreaker,Mean Points
ContinueAgent,-8.0,2002.0,-3932.0,2002.0,0.0,0.0,0.0,0.0,0.0,10.666666666666666
FicticiousPlay,-1005.0,0.0,-991.0,2000.0,-2002.0,0.0,0.0,0.0,0.0,-333.0
Exponential,0.0,-665.0,-1602.0,2001.0,-3342.0,0.0,0.0,0.0,0.0,-601.3333333333334
Random,-458.0,991.0,0.0,996.0,-5958.0,0.0,0.0,0.0,0.0,-738.1666666666666
SwerveAgent,-2001.0,-2000.0,-996.0,0.0,-2002.0,0.0,0.0,0.0,0.0,-1166.5
BadMove,-10010.0,-10010.0,-10010.0,-10010.0,-10010.0,0.0,0.0,0.0,0.0,-8341.666666666666
BadType,-10010.0,-10010.0,-10010.0,-10010.0,-10010.0,0.0,0.0,0.0,0.0,-8341.666666666666
BadConnection,0.0,0.0,0.0,0.0,0.0,0.0,0.0,0.0,0.0,Disconnected
MathBreaker,0.0,0.0,0.0,0.0,0.0,0.0,0.0,0.0,0.0,Disconnected
