,Exponential,FicticiousPlay,Random,SwerveAgent,ContinueAgent,BadMove,BadType,BadConnection,MathBreaker,Mean Points
ContinueAgent,-2.0,2002.0,-4112.0,2002.0,0.0,0.0,0.0,0.0,0.0,-18.333333333333332
FicticiousPlay,-4.0,0.0,-1035.0,2000.0,-2002.0,0.0,0.0,0.0,0.0,-173.5
Random,-351.0,1035.0,0.0,995.0,-6078.0,0.0,0.0,0.0,0.0,-733.1666666666666
Exponential,0.0,-3326.0,-1679.0,2000.0,-3338.0,0.0,0.0,0.0,0.0,-1057.1666666666667
SwerveAgent,-2000.0,-2000.0,-995.0,0.0,-2002.0,0.0,0.0,0.0,0.0,-1166.1666666666667
BadMove,-10010.0,-10010.0,-10010.0,-10010.0,-10010.0,0.0,0.0,0.0,0.0,-8341.666666666666
BadType,-10010.0,-10010.0,-10010.0,-10010.0,-10010.0,0.0,0.0,0.0,0.0,-8341.666666666666
BadConnection,0.0,0.0,0.0,0.0,0.0,0.0,0.0,0.0,0.0,Disconnected
MathBreaker,0.0,0.0,0.0,0.0,0.0,0.0,0.0,0.0,0.0,Disconnected
