,Exponential,FicticiousPlay,Random,SwerveAgent,ContinueAgent,BadMove,BadType,BadConnection,MathBreaker,Mean Points
ContinueAgent,-8.0,2002.0,-4040.0,2002.0,0.0,0.0,0.0,0.0,0.0,-7.333333333333333
FicticiousPlay,-4.0,0.0,-967.0,2000.0,-2002.0,0.0,0.0,0.0,0.0,-162.16666666666666
Random,-349.0,967.0,0.0,1039.0,-6030.0,0.0,0.0,0.0,0.0,-728.8333333333334
Exponential,0.0,-3326.0,-1691.0,1997.0,-3342.0,0.0,0.0,0.0,0.0,-1060.3333333333333
SwerveAgent,-1997.0,-2000.0,-1039.0,0.0,-2002.0,0.0,0.0,0.0,0.0,-1173.0
BadMove,-10010.0,-10010.0,-10010.0,-10010.0,-10010.0,0.0,0.0,0.0,0.0,-8341.666666666666
BadType,-10010.0,-10010.0,-10010.0,-10010.0,-10010.0,0.0,0.0,0.0,0.0,-8341.666666666666
BadConnection,0.0,0.0,0.0,0.0,0.0,0.0,0.0,0.0,0.0,Disconnected
MathBreaker,0.0,0.0,0.0,0.0,0.0,0.0,0.0,0.0,0.0,Disconnected
