{
    "Always Stay|Circular Hotel|Delay": {
        "util": [
            53,
            52,
            39
        ],
        "timestamps": [
            1708222273.3095455,
            1708222280.0884113,
            1708582047.479074
        ]
    },
    "Always Stay|Circular Hotel|Disconnect": {
        "util": [
            12,
            12,
            0
        ],
        "timestamps": [
            1708222273.3095455,
            1708222280.0884113,
            1708582365.2160027
        ]
    },
    "Always Stay|Circular Hotel|Del": {
        "util": [
            8023,
            7975,
            8002
        ],
        "timestamps": [
            1708222273.3095455,
            1708222280.0884113,
            1708582366.4225485
        ]
    },
    "Always Stay|Circular Hotel|Dec": {
        "util": [
            7972,
            7925,
            8103
        ],
        "timestamps": [
            1708222273.3095455,
            1708222280.0884113,
            1708222285.6711996
        ]
    },
    "Always Stay|Best Response|Circular Hotel": {
        "util": [
            7822,
            8077,
            8101
        ],
        "timestamps": [
            1708222273.3095455,
            1708222266.4903567,
            1708222280.0884113
        ]
    },
    "Always Stay|Dec|Del": {
        "util": [
            7712,
            8139,
            8149
        ],
        "timestamps": [
            1708222273.3095455,
            1708222285.6711996,
            1708582366.4225485
        ]
    },
    "Always Stay|Best Response|Del": {
        "util": [
            7603,
            8329,
            8068
        ],
        "timestamps": [
            1708222273.3095455,
            1708222266.4903567,
            1708582366.4225485
        ]
    },
    "Always Stay|Best Response|Dec": {
        "util": [
            11628,
            6186,
            6186
        ],
        "timestamps": [
            1708222273.3095455,
            1708222266.4903567,
            1708222285.6711996
        ]
    },
    "Circular Hotel|Dec|Del": {
        "util": [
            7757,
            8051,
            8192
        ],
        "timestamps": [
            1708222280.0884113,
            1708222285.6711996,
            1708582366.4225485
        ]
    },
    "Best Response|Circular Hotel|Del": {
        "util": [
            8118,
            7832,
            8050
        ],
        "timestamps": [
            1708222266.4903567,
            1708222280.0884113,
            1708582366.4225485
        ]
    },
    "Best Response|Circular Hotel|Dec": {
        "util": [
            6162,
            11676,
            6162
        ],
        "timestamps": [
            1708222266.4903567,
            1708222280.0884113,
            1708222285.6711996
        ]
    },
    "Best Response|Dec|Del": {
        "util": [
            6196,
            6196,
            11608
        ],
        "timestamps": [
            1708222266.4903567,
            1708222285.6711996,
            1708582366.4225485
        ]
    },
    "Always Stay|Delay|Disconnect": {
        "util": [
            12,
            12,
            0
        ],
        "timestamps": [
            1708222273.3095455,
            1708582047.479074,
            1708582365.2160027
        ]
    },
    "Always Stay|Del|Delay": {
        "util": [
            43,
            46,
            31
        ],
        "timestamps": [
            1708222273.3095455,
            1708582366.4225485,
            1708582047.479074
        ]
    },
    "Always Stay|Dec|Delay": {
        "util": [
            41,
            53,
            50
        ],
        "timestamps": [
            1708222273.3095455,
            1708222285.6711996,
            1708582047.479074
        ]
    },
    "Always Stay|Del|Disconnect": {
        "util": [
            12,
            12,
            0
        ],
        "timestamps": [
            1708222273.3095455,
            1708582366.4225485,
            1708582365.2160027
        ]
    },
    "Always Stay|Best Response|Delay": {
        "util": [
            45,
            54,
            45
        ],
        "timestamps": [
            1708222273.3095455,
            1708222266.4903567,
            1708582047.479074
        ]
    },
    "Always Stay|Dec|Disconnect": {
        "util": [
            12,
            12,
            0
        ],
        "timestamps": [
            1708222273.3095455,
            1708222285.6711996,
            1708582365.2160027
        ]
    }
}