,Exponential,FicticiousPlay,Random,SwerveAgent,ContinueAgent,BadMove,BadType,BadConnection,BasicAgent,MysteryAgent,MathBreaker,LastMoveStaticAgent,LastMoveAgent,LookBackStaticAgent,LookBackAgent,QLearningStaticAgent,QLearningAgent,Mean Points
LookBackAgent,788.0,960.0,-850.0,498.0,-1122.0,0.0,0.0,0.0,-314.0,21.0,0.0,-316.0,-80.0,-176.0,0.0,137.0,517.0,4.5
ContinueAgent,906.0,1002.0,-2232.0,1002.0,0.0,0.0,0.0,0.0,-1002.0,-4986.0,0.0,804.0,846.0,858.0,822.0,876.0,846.0,-18.428571428571427
LastMoveStaticAgent,-328.0,-1231.0,-596.0,28.0,-1134.0,0.0,0.0,0.0,-339.0,10.0,0.0,0.0,357.0,595.0,-254.0,744.0,814.0,-95.28571428571429
FicticiousPlay,-727.0,0.0,-511.0,1000.0,-1002.0,0.0,0.0,0.0,-334.0,-338.0,0.0,631.0,719.0,-99.0,-980.0,-49.0,-94.0,-127.42857142857143
BasicAgent,-358.0,334.0,-929.0,334.0,-2338.0,0.0,0.0,0.0,0.0,332.0,0.0,289.0,240.0,-34.0,-76.0,-110.0,188.0,-152.0
LookBackStaticAgent,385.0,-61.0,-835.0,32.0,-1098.0,0.0,0.0,0.0,-106.0,-9.0,0.0,-1125.0,-255.0,0.0,-384.0,412.0,695.0,-167.78571428571428
LastMoveAgent,55.0,-1179.0,-667.0,24.0,-1106.0,0.0,0.0,0.0,-360.0,9.0,0.0,-677.0,0.0,-165.0,-300.0,642.0,773.0,-210.78571428571428
Exponential,0.0,727.0,-770.0,709.0,-1066.0,0.0,0.0,0.0,-512.0,-395.0,0.0,-12.0,-365.0,-595.0,-988.0,-480.0,-308.0,-289.64285714285717
Random,-110.0,491.0,0.0,481.0,-3158.0,0.0,0.0,0.0,-581.0,-1307.0,0.0,266.0,177.0,-425.0,-350.0,-48.0,64.0,-321.42857142857144
QLearningStaticAgent,150.0,-51.0,-672.0,484.0,-1086.0,0.0,0.0,0.0,-10.0,-42.0,0.0,-1024.0,-1102.0,-872.0,-547.0,0.0,-163.0,-352.5
QLearningAgent,148.0,-76.0,-704.0,979.0,-1106.0,0.0,0.0,0.0,-358.0,-151.0,0.0,-1064.0,-1053.0,-1075.0,-767.0,-337.0,0.0,-397.42857142857144
SwerveAgent,-709.0,-1000.0,-481.0,0.0,-1002.0,0.0,0.0,0.0,-334.0,-1.0,0.0,-28.0,-24.0,-32.0,-498.0,-484.0,-979.0,-398.0
MysteryAgent,-495.0,-332.0,-1303.0,1.0,-4994.0,0.0,0.0,0.0,-332.0,0.0,0.0,-20.0,-9.0,-41.0,-21.0,-108.0,-169.0,-558.7857142857143
BadType,-5010.0,-5010.0,-5010.0,-5010.0,-5010.0,0.0,0.0,0.0,-5010.0,-5010.0,0.0,-5010.0,-5010.0,-5010.0,-5010.0,-5010.0,-5010.0,-4652.142857142857
BadMove,-5010.0,-5010.0,-5010.0,-5010.0,-5010.0,0.0,0.0,0.0,-5010.0,-5010.0,0.0,-5010.0,-5010.0,-5010.0,-5010.0,-5010.0,-5010.0,-4652.142857142857
BadConnection,0.0,0.0,0.0,0.0,0.0,0.0,0.0,0.0,0.0,0.0,0.0,0.0,0.0,0.0,0.0,0.0,0.0,Disconnected
MathBreaker,0.0,0.0,0.0,0.0,0.0,0.0,0.0,0.0,0.0,0.0,0.0,0.0,0.0,0.0,0.0,0.0,0.0,Disconnected
