,Exponential,FicticiousPlay,Random,SwerveAgent,ContinueAgent,BadMove,BadType,BadConnection,BasicAgent,MysteryAgent,MathBreaker,LastMoveStaticAgent,LastMoveAgent,LookBackStaticAgent,LookBackAgent,QLearningStaticAgent,QLearningAgent,Mean Points
LookBackAgent,528.0,979.0,-751.0,27.0,-1206.0,0.0,0.0,0.0,-178.0,13.0,0.0,-505.0,-376.0,480.0,0.0,426.0,536.0,-1.9285714285714286
ContinueAgent,912.0,1002.0,-2052.0,1002.0,0.0,0.0,0.0,0.0,-1002.0,-5010.0,0.0,840.0,720.0,684.0,696.0,672.0,852.0,-48.857142857142854
LastMoveAgent,-36.0,-123.0,-810.0,36.0,-1190.0,0.0,0.0,0.0,-399.0,17.0,0.0,-654.0,0.0,615.0,-244.0,-194.0,573.0,-172.07142857142858
LastMoveStaticAgent,-778.0,-1229.0,-587.0,27.0,-1110.0,0.0,0.0,0.0,-345.0,12.0,0.0,0.0,334.0,610.0,-275.0,431.0,478.0,-173.71428571428572
QLearningStaticAgent,775.0,-98.0,-950.0,970.0,-1222.0,0.0,0.0,0.0,88.0,-222.0,0.0,-961.0,-346.0,583.0,-1076.0,0.0,-49.0,-179.14285714285714
BasicAgent,-626.0,334.0,-1095.0,334.0,-2338.0,0.0,0.0,0.0,0.0,326.0,0.0,275.0,199.0,-10.0,28.0,-258.0,-30.0,-204.35714285714286
FicticiousPlay,87.0,0.0,-504.0,1000.0,-1002.0,0.0,0.0,0.0,-334.0,-338.0,0.0,639.0,-127.0,-979.0,-979.0,-92.0,-373.0,-214.42857142857142
LookBackStaticAgent,776.0,969.0,-754.0,502.0,-1214.0,0.0,0.0,0.0,-360.0,14.0,0.0,-1130.0,-1115.0,0.0,-960.0,-873.0,-263.0,-314.85714285714283
Random,-41.0,504.0,0.0,478.0,-3038.0,0.0,0.0,0.0,-745.0,-1418.0,0.0,297.0,-90.0,-66.0,-109.0,-400.0,-122.0,-339.2857142857143
Exponential,0.0,-147.0,-759.0,706.0,-1062.0,0.0,0.0,0.0,-594.0,-352.0,0.0,138.0,-434.0,-1036.0,-628.0,-995.0,-210.0,-383.7857142857143
QLearningAgent,-640.0,-67.0,-798.0,925.0,-1102.0,0.0,0.0,0.0,-80.0,-181.0,0.0,-1118.0,-1133.0,-217.0,-1056.0,-401.0,0.0,-419.14285714285717
SwerveAgent,-706.0,-1000.0,-478.0,0.0,-1002.0,0.0,0.0,0.0,-334.0,-3.0,0.0,-27.0,-36.0,-502.0,-27.0,-970.0,-925.0,-429.2857142857143
MysteryAgent,-458.0,-332.0,-1382.0,3.0,-5010.0,0.0,0.0,0.0,-336.0,0.0,0.0,-22.0,-27.0,-44.0,-23.0,-278.0,-269.0,-584.1428571428571
BadType,-5010.0,-5010.0,-5010.0,-5010.0,-5010.0,0.0,0.0,0.0,-5010.0,-5010.0,0.0,-5010.0,-5010.0,-5010.0,-5010.0,-5010.0,-5010.0,-4652.142857142857
BadMove,-5010.0,-5010.0,-5010.0,-5010.0,-5010.0,0.0,0.0,0.0,-5010.0,-5010.0,0.0,-5010.0,-5010.0,-5010.0,-5010.0,-5010.0,-5010.0,-4652.142857142857
MathBreaker,0.0,0.0,0.0,0.0,0.0,0.0,0.0,0.0,0.0,0.0,0.0,0.0,0.0,0.0,0.0,0.0,0.0,Disconnected
BadConnection,0.0,0.0,0.0,0.0,0.0,0.0,0.0,0.0,0.0,0.0,0.0,0.0,0.0,0.0,0.0,0.0,0.0,Disconnected
