,Exponential,FicticiousPlay,Random,SwerveAgent,ContinueAgent,BadMove,BadType,BadConnection,MathBreaker,Mean Points
ContinueAgent,1750.0,2002.0,-4022.0,2002.0,0.0,0.0,0.0,0.0,0.0,288.6666666666667
FicticiousPlay,1791.0,0.0,-959.0,2000.0,-2002.0,0.0,0.0,0.0,0.0,138.33333333333334
Random,-156.0,949.0,0.0,1001.0,-6018.0,0.0,0.0,0.0,0.0,-704.0
Exponential,0.0,-2131.0,-1564.0,1465.0,-2170.0,0.0,0.0,0.0,0.0,-733.3333333333334
SwerveAgent,-1465.0,-2000.0,-1001.0,0.0,-2002.0,0.0,0.0,0.0,0.0,-1078.0
BadMove,-10010.0,-10010.0,-10010.0,-10010.0,-10010.0,0.0,0.0,0.0,0.0,-8341.666666666666
BadType,-10010.0,-10010.0,-10010.0,-10010.0,-10010.0,0.0,0.0,0.0,0.0,-8341.666666666666
BadConnection,0.0,0.0,0.0,0.0,0.0,0.0,0.0,0.0,0.0,Disconnected
MathBreaker,0.0,0.0,0.0,0.0,0.0,0.0,0.0,0.0,0.0,Disconnected
