,Exponential,FicticiousPlay,Random,SwerveAgent,ContinueAgent,BadMove,BadType,BadConnection,MathBreaker,Mean Points
ContinueAgent,1768.0,2002.0,-3830.0,2002.0,0.0,0.0,0.0,0.0,0.0,323.6666666666667
Exponential,0.0,1459.0,-1433.0,1467.0,-2158.0,0.0,0.0,0.0,0.0,-110.83333333333333
FicticiousPlay,-1459.0,0.0,-1031.0,2000.0,-2002.0,0.0,0.0,0.0,0.0,-415.3333333333333
Random,163.0,991.0,0.0,982.0,-5890.0,0.0,0.0,0.0,0.0,-625.6666666666666
SwerveAgent,-1467.0,-2000.0,-982.0,0.0,-2002.0,0.0,0.0,0.0,0.0,-1075.1666666666667
BadMove,-10010.0,-10010.0,-10010.0,-10010.0,-10010.0,0.0,0.0,0.0,0.0,-8341.666666666666
BadType,-10010.0,-10010.0,-10010.0,-10010.0,-10010.0,0.0,0.0,0.0,0.0,-8341.666666666666
BadConnection,0.0,0.0,0.0,0.0,0.0,0.0,0.0,0.0,0.0,Disconnected
MathBreaker,0.0,0.0,0.0,0.0,0.0,0.0,0.0,0.0,0.0,Disconnected
