,Exponential,FicticiousPlay,Random,RockLover,BadMove,BadType,BadConnection,MathBreaker,TA,Mean Points
FicticiousPlay,31.0,0.0,19.0,2000.0,0.0,0.0,0.0,0.0,1032.0,513.6666666666666
Exponential,0.0,-31.0,26.0,1993.0,0.0,0.0,0.0,0.0,965.0,492.1666666666667
Random,-26.0,-19.0,0.0,53.0,0.0,0.0,0.0,0.0,0.0,1.3333333333333333
TA,-965.0,-1032.0,0.0,-973.0,0.0,0.0,0.0,0.0,0.0,-495.0
RockLover,-1993.0,-2000.0,-53.0,0.0,0.0,0.0,0.0,0.0,973.0,-512.1666666666666
BadMove,-2002.0,-2002.0,-2002.0,-2002.0,0.0,0.0,0.0,0.0,-2002.0,-1668.3333333333333
BadType,-2002.0,-2002.0,-2002.0,-2002.0,0.0,0.0,0.0,0.0,-2002.0,-1668.3333333333333
BadConnection,0.0,0.0,0.0,0.0,0.0,0.0,0.0,0.0,0.0,Disconnected
MathBreaker,0.0,0.0,0.0,0.0,0.0,0.0,0.0,0.0,0.0,Disconnected
