,Exponential,FicticiousPlay,Random,RockLover,BadMove,BadType,BadConnection,MathBreaker,TA,Mean Points
Exponential,0.0,-45.0,100.0,1996.0,0.0,0.0,0.0,0.0,1006.0,509.5
FicticiousPlay,45.0,0.0,21.0,2000.0,0.0,0.0,0.0,0.0,957.0,503.8333333333333
Random,-100.0,-21.0,0.0,51.0,0.0,0.0,0.0,0.0,12.0,-9.666666666666666
TA,-1006.0,-957.0,-12.0,-1006.0,0.0,0.0,0.0,0.0,0.0,-496.8333333333333
RockLover,-1996.0,-2000.0,-51.0,0.0,0.0,0.0,0.0,0.0,1006.0,-506.8333333333333
BadMove,-2002.0,-2002.0,-2002.0,-2002.0,0.0,0.0,0.0,0.0,-2002.0,-1668.3333333333333
BadType,-2002.0,-2002.0,-2002.0,-2002.0,0.0,0.0,0.0,0.0,-2002.0,-1668.3333333333333
BadConnection,0.0,0.0,0.0,0.0,0.0,0.0,0.0,0.0,0.0,Disconnected
MathBreaker,0.0,0.0,0.0,0.0,0.0,0.0,0.0,0.0,0.0,Disconnected
