,Exponential,FicticiousPlay,Random,RockLover,BadMove,BadType,BadConnection,MathBreaker,TA,Mean Points
FicticiousPlay,-44.0,0.0,41.0,2000.0,0.0,0.0,0.0,0.0,1015.0,502.0
Exponential,0.0,44.0,55.0,1157.0,0.0,0.0,0.0,0.0,283.0,256.5
Random,-55.0,-41.0,0.0,28.0,0.0,0.0,0.0,0.0,4.0,-10.666666666666666
RockLover,-1157.0,-2000.0,-28.0,0.0,0.0,0.0,0.0,0.0,1010.0,-362.5
TA,-283.0,-1015.0,-4.0,-1010.0,0.0,0.0,0.0,0.0,0.0,-385.3333333333333
BadMove,-2002.0,-2002.0,-2002.0,-2002.0,0.0,0.0,0.0,0.0,-2002.0,-1668.3333333333333
BadType,-2002.0,-2002.0,-2002.0,-2002.0,0.0,0.0,0.0,0.0,-2002.0,-1668.3333333333333
BadConnection,0.0,0.0,0.0,0.0,0.0,0.0,0.0,0.0,0.0,Disconnected
MathBreaker,0.0,0.0,0.0,0.0,0.0,0.0,0.0,0.0,0.0,Disconnected
