,Exponential,FicticiousPlay,Random,RockLover,BadMove,BadType,BadConnection,MathBreaker,TA,Mean Points
FicticiousPlay,-19.0,0.0,2.0,1000.0,0.0,0.0,0.0,0.0,535.0,253.0
Exponential,0.0,19.0,-4.0,535.0,0.0,0.0,0.0,0.0,179.0,121.5
Random,4.0,-2.0,0.0,67.0,0.0,0.0,0.0,0.0,13.0,13.666666666666666
RockLover,-535.0,-1000.0,-67.0,0.0,0.0,0.0,0.0,0.0,501.0,-183.5
TA,-179.0,-535.0,-13.0,-501.0,0.0,0.0,0.0,0.0,0.0,-204.66666666666666
BadMove,-1002.0,-1002.0,-1002.0,-1002.0,0.0,0.0,0.0,0.0,-1002.0,-835.0
BadType,-1002.0,-1002.0,-1002.0,-1002.0,0.0,0.0,0.0,0.0,-1002.0,-835.0
BadConnection,0.0,0.0,0.0,0.0,0.0,0.0,0.0,0.0,0.0,Disconnected
MathBreaker,0.0,0.0,0.0,0.0,0.0,0.0,0.0,0.0,0.0,Disconnected
