,Exponential,FicticiousPlay,Random,RockLover,BadMove,BadType,BadConnection,MathBreaker,TA,Mean Points
FicticiousPlay,-15.0,0.0,-36.0,1000.0,0.0,0.0,0.0,0.0,485.0,239.0
Exponential,0.0,15.0,-2.0,581.0,0.0,0.0,0.0,0.0,159.0,125.5
Random,2.0,36.0,0.0,-49.0,0.0,0.0,0.0,0.0,13.0,0.3333333333333333
RockLover,-581.0,-1000.0,49.0,0.0,0.0,0.0,0.0,0.0,529.0,-167.16666666666666
TA,-159.0,-485.0,-13.0,-529.0,0.0,0.0,0.0,0.0,0.0,-197.66666666666666
BadMove,-1002.0,-1002.0,-1002.0,-1002.0,0.0,0.0,0.0,0.0,-1002.0,-835.0
BadType,-1002.0,-1002.0,-1002.0,-1002.0,0.0,0.0,0.0,0.0,-1002.0,-835.0
BadConnection,0.0,0.0,0.0,0.0,0.0,0.0,0.0,0.0,0.0,Disconnected
MathBreaker,0.0,0.0,0.0,0.0,0.0,0.0,0.0,0.0,0.0,Disconnected
