,Exponential,FicticiousPlay,Random,RockLover,BadMove,BadType,BadConnection,MathBreaker,TA,Mean Points
FicticiousPlay,-65.0,0.0,-9.0,2000.0,0.0,0.0,0.0,0.0,1004.0,488.3333333333333
Exponential,0.0,65.0,-3.0,1138.0,0.0,0.0,0.0,0.0,356.0,259.3333333333333
Random,3.0,9.0,0.0,7.0,0.0,0.0,0.0,0.0,6.0,4.166666666666667
RockLover,-1138.0,-2000.0,-7.0,0.0,0.0,0.0,0.0,0.0,955.0,-365.0
TA,-356.0,-1004.0,-6.0,-955.0,0.0,0.0,0.0,0.0,0.0,-386.8333333333333
BadMove,-2002.0,-2002.0,-2002.0,-2002.0,0.0,0.0,0.0,0.0,-2002.0,-1668.3333333333333
BadType,-2002.0,-2002.0,-2002.0,-2002.0,0.0,0.0,0.0,0.0,-2002.0,-1668.3333333333333
BadConnection,0.0,0.0,0.0,0.0,0.0,0.0,0.0,0.0,0.0,Disconnected
MathBreaker,0.0,0.0,0.0,0.0,0.0,0.0,0.0,0.0,0.0,Disconnected
