,Exponential,FicticiousPlay,Random,RockLover,BadMove,BadType,BadConnection,MathBreaker,TA,Mean Points
Exponential,0.0,-14.0,9.0,1997.0,0.0,0.0,0.0,0.0,1009.0,500.1666666666667
FicticiousPlay,14.0,0.0,-8.0,2000.0,0.0,0.0,0.0,0.0,982.0,498.0
Random,-9.0,8.0,0.0,21.0,0.0,0.0,0.0,0.0,-76.0,-9.333333333333334
TA,-1009.0,-982.0,76.0,-1019.0,0.0,0.0,0.0,0.0,0.0,-489.0
RockLover,-1997.0,-2000.0,-21.0,0.0,0.0,0.0,0.0,0.0,1019.0,-499.8333333333333
BadMove,-2002.0,-2002.0,-2002.0,-2002.0,0.0,0.0,0.0,0.0,-2002.0,-1668.3333333333333
BadType,-2002.0,-2002.0,-2002.0,-2002.0,0.0,0.0,0.0,0.0,-2002.0,-1668.3333333333333
BadConnection,0.0,0.0,0.0,0.0,0.0,0.0,0.0,0.0,0.0,Disconnected
MathBreaker,0.0,0.0,0.0,0.0,0.0,0.0,0.0,0.0,0.0,Disconnected
