,Exponential,FicticiousPlay,Random,RockLover,BadMove,BadType,BadConnection,MathBreaker,TA,Mean Points
Exponential,0.0,5.0,6.0,1990.0,0.0,0.0,0.0,0.0,996.0,499.5
FicticiousPlay,-5.0,0.0,-25.0,2000.0,0.0,0.0,0.0,0.0,1004.0,495.6666666666667
Random,-6.0,25.0,0.0,11.0,0.0,0.0,0.0,0.0,-59.0,-4.833333333333333
TA,-996.0,-1004.0,59.0,-1020.0,0.0,0.0,0.0,0.0,0.0,-493.5
RockLover,-1990.0,-2000.0,-11.0,0.0,0.0,0.0,0.0,0.0,1020.0,-496.8333333333333
BadMove,-2002.0,-2002.0,-2002.0,-2002.0,0.0,0.0,0.0,0.0,-2002.0,-1668.3333333333333
BadType,-2002.0,-2002.0,-2002.0,-2002.0,0.0,0.0,0.0,0.0,-2002.0,-1668.3333333333333
BadConnection,0.0,0.0,0.0,0.0,0.0,0.0,0.0,0.0,0.0,Disconnected
MathBreaker,0.0,0.0,0.0,0.0,0.0,0.0,0.0,0.0,0.0,Disconnected
