,Exponential,FicticiousPlay,Random,RockLover,BadMove,BadType,BadConnection,MathBreaker,TA,Mean Points
FicticiousPlay,20.0,0.0,61.0,2000.0,0.0,0.0,0.0,0.0,950.0,505.1666666666667
Exponential,0.0,-20.0,-52.0,1995.0,0.0,0.0,0.0,0.0,1029.0,492.0
Random,52.0,-61.0,0.0,-7.0,0.0,0.0,0.0,0.0,55.0,6.5
RockLover,-1995.0,-2000.0,7.0,0.0,0.0,0.0,0.0,0.0,1001.0,-497.8333333333333
TA,-1029.0,-950.0,-55.0,-1001.0,0.0,0.0,0.0,0.0,0.0,-505.8333333333333
BadMove,-2002.0,-2002.0,-2002.0,-2002.0,0.0,0.0,0.0,0.0,-2002.0,-1668.3333333333333
BadType,-2002.0,-2002.0,-2002.0,-2002.0,0.0,0.0,0.0,0.0,-2002.0,-1668.3333333333333
BadConnection,0.0,0.0,0.0,0.0,0.0,0.0,0.0,0.0,0.0,Disconnected
MathBreaker,0.0,0.0,0.0,0.0,0.0,0.0,0.0,0.0,0.0,Disconnected
